npi,name,specialty,state,total_payments,risk_score,risk_flags
1184886178,Merry Taheri,Nurse Practitioner,CA,12149038.25,96,[object Object]; [object Object]; [object Object]; [object Object]
1952575342,Som Kohanzadeh,Plastic and Reconstructive Surgery,CA,14722227.74,92,[object Object]; [object Object]; [object Object]; [object Object]
1932145778,Quest Diagnostics Incorporated,Clinical Laboratory,NJ,111157094,90,[object Object]; [object Object]; [object Object]; [object Object]
1538144910,Laboratory Corporation Of America Holdings,Clinical Laboratory,NC,214615758.71,89,[object Object]; [object Object]; [object Object]; [object Object]
1063497451,Laboratory Corporation Of America Holdings,Clinical Laboratory,NJ,143308492.19,89,[object Object]; [object Object]; [object Object]; [object Object]
1891731626,Quest Diagnostics Clinical Laboratories Inc,Clinical Laboratory,FL,107111072.04,89,[object Object]; [object Object]; [object Object]; [object Object]
1366479099,Unilab Corporation,Clinical Laboratory,CA,93950085.99,89,[object Object]; [object Object]; [object Object]; [object Object]
1427320399,"Cardionet, Llc.",Independent Diagnostic Testing Facility (IDTF),CA,112165038.51,88,[object Object]; [object Object]; [object Object]; [object Object]
1598889248,Tatiana Sharahy,Internal Medicine,NJ,5663224,88,[object Object]; [object Object]; [object Object]; [object Object]
1295726032,Laboratory Corporation Of America Holdings,Clinical Laboratory,AL,60467648.23,86,[object Object]; [object Object]; [object Object]; [object Object]
1659352276,Laboratory Corporation Of America,Clinical Laboratory,CA,59823997.96,86,[object Object]; [object Object]; [object Object]; [object Object]
1932166386,Quest Diagnostics Clinical Laboratories Inc,Clinical Laboratory,GA,53287982.53,86,[object Object]; [object Object]; [object Object]; [object Object]
1609812445,Labone Llc,Clinical Laboratory,KS,46044395.61,86,[object Object]; [object Object]; [object Object]; [object Object]
1376587113,"Sunrise Medical Laboratories, Inc.",Clinical Laboratory,NY,30332449.71,86,[object Object]; [object Object]; [object Object]; [object Object]
1407855240,"Rocky Mountain Holdings, Llc",Ambulance Service Provider,AL,81389574.16,85,[object Object]; [object Object]; [object Object]; [object Object]
1932184322,Laboratory Corporation Of America Holdings,Clinical Laboratory,OH,56935139.32,85,[object Object]; [object Object]; [object Object]; [object Object]
1255314704,Laboratory Corporation Of America,Clinical Laboratory,FL,47390804.86,85,[object Object]; [object Object]; [object Object]; [object Object]
1619913449,Unilab Corporation,Clinical Laboratory,CA,47065102.06,85,[object Object]; [object Object]; [object Object]; [object Object]
1790721538,Quest Diagnostics Clinical Laboratories Inc,Clinical Laboratory,TX,46744548.1,85,[object Object]; [object Object]; [object Object]; [object Object]
1518903350,Quest Diagnostics Clinical Laboratories Inc,Clinical Laboratory,FL,42153481.92,85,[object Object]; [object Object]; [object Object]; [object Object]
1881630614,Quest Diagnostics Llc Il,Clinical Laboratory,IL,40249641.02,85,[object Object]; [object Object]; [object Object]; [object Object]
1598315574,Centers Lab Nj Llc,Clinical Laboratory,NJ,15401718.07,85,[object Object]; [object Object]; [object Object]; [object Object]
1144978271,Sarah Finch,Nurse Practitioner,KS,6168216.69,85,[object Object]; [object Object]; [object Object]; [object Object]
1538105366,Sonora Quest Laboratories Llc,Clinical Laboratory,AZ,57844645.42,84,[object Object]; [object Object]; [object Object]; [object Object]
1194769497,"Clinical Pathology Laboratories, Inc.",Clinical Laboratory,TX,47679004.11,84,[object Object]; [object Object]; [object Object]; [object Object]
1740262880,Laboratory Corporation Of America,Clinical Laboratory,AZ,38458196.99,84,[object Object]; [object Object]; [object Object]; [object Object]
1154783074,Alpha Medical Laboratory Llc,Clinical Laboratory,OK,6606450.65,84,[object Object]; [object Object]; [object Object]; [object Object]
1114977071,Youram Nassir,Hematology,CA,2714449.16,84,[object Object]; [object Object]; [object Object]; [object Object]
1063414258,"Boston Scientific Cardiac Diagnostic Services, Llc",Independent Diagnostic Testing Facility (IDTF),TX,84244000.44,83,[object Object]; [object Object]; [object Object]; [object Object]
1134277494,"Bioreference Health, Llc",Clinical Laboratory,NJ,66781261.6,83,[object Object]; [object Object]; [object Object]; [object Object]
1265418669,Laboratory Corporation Of America,Clinical Laboratory,TX,34010941.56,83,[object Object]; [object Object]; [object Object]; [object Object]
1326104613,Quest Diagnostics Clinical Laboratories Inc,Clinical Laboratory,TX,31041363.55,83,[object Object]; [object Object]; [object Object]; [object Object]
1316331481,Rahul Khapekar,Family Practice,IL,5204713.4,83,[object Object]; [object Object]; [object Object]; [object Object]
1770511453,Jeffrey Bahr,Internal Medicine,WI,3102541.3,83,[object Object]; [object Object]; [object Object]; [object Object]
1366543795,Northwell Health Laboratories,Clinical Laboratory,NY,48529662.02,82,[object Object]; [object Object]; [object Object]; [object Object]
1588757033,Enigma Management Corp Dba Alliance Laboratory,Clinical Laboratory,NY,28285487.97,82,[object Object]; [object Object]; [object Object]; [object Object]
1194062448,Quest Diagnostics Massachusetts Llc,Clinical Laboratory,MA,27750806.21,82,[object Object]; [object Object]; [object Object]; [object Object]
1245307818,Quest Diagnostics Incorporated Md,Clinical Laboratory,MD,27336483.33,82,[object Object]; [object Object]; [object Object]; [object Object]
1881679751,Laboratory Corporation Of America,Clinical Laboratory,TX,27230528.1,82,[object Object]; [object Object]; [object Object]; [object Object]
1952347791,Quest Diagnostics Llc,Clinical Laboratory,MA,27165028.49,82,[object Object]; [object Object]; [object Object]; [object Object]
1245720820,Total Renal Laboratories Inc,Clinical Laboratory,FL,3205885.34,81,[object Object]; [object Object]; [object Object]; [object Object]
1316943566,"Acadian Ambulance Service, Inc.",Ambulance Service Provider,LA,38730187.75,80,[object Object]; [object Object]; [object Object]; [object Object]
1073599478,Laboratory Corporation Of America,Clinical Laboratory,WA,25043183.03,80,[object Object]; [object Object]; [object Object]; [object Object]
1134169535,Reach Air Medical Services Llc,Ambulance Service Provider,CA,19265052.35,80,[object Object]; [object Object]; [object Object]; [object Object]
1043256886,Quest Diagnostics Incorporated,Clinical Laboratory,NV,18198000.38,80,[object Object]; [object Object]; [object Object]; [object Object]
1285621631,Mayo Clinic Jacksonville,Clinical Laboratory,FL,9330724.8,80,[object Object]; [object Object]; [object Object]; [object Object]
1770528994,Pentec Health Inc,Pharmacy,PA,4379176.63,80,[object Object]; [object Object]; [object Object]; [object Object]
1245273820,Edwin Choi,Family Practice,CA,1845482.43,80,[object Object]; [object Object]; [object Object]; [object Object]
1336149426,Cochlear Americas,All Other Suppliers,CO,27374635.63,79,[object Object]; [object Object]; [object Object]; [object Object]
1760707582,Brewster Ambulance Service Inc.,Ambulance Service Provider,MA,25404043.24,79,[object Object]; [object Object]; [object Object]; [object Object]
1710064811,"A2cl Services, Llc",Clinical Laboratory,WI,19011560.19,79,[object Object]; [object Object]; [object Object]; [object Object]
1598747651,Laboratory Corporation Of America,Clinical Laboratory,CO,14936904.91,79,[object Object]; [object Object]; [object Object]; [object Object]
1356761589,Shoals Ambulance Llc,Ambulance Service Provider,TN,11091813.76,79,[object Object]; [object Object]; [object Object]; [object Object]
1790869402,"Cardionet, Llc",Independent Diagnostic Testing Facility (IDTF),PA,10969678,79,[object Object]; [object Object]; [object Object]; [object Object]
1982728796,Brian Dicarlo,Medical Oncology,CA,4739688.09,79,[object Object]; [object Object]; [object Object]; [object Object]
1316291925,Edwin Yau,Family Practice,CA,2247064.97,79,[object Object]; [object Object]; [object Object]; [object Object]
1821153453,Keeran Kumar,Anesthesiology,CA,517195.87,79,[object Object]; [object Object]; [object Object]; [object Object]
1952417339,Matthew Clark,Obstetrics & Gynecology,CA,329608.43,79,[object Object]; [object Object]; [object Object]; [object Object]
1083249577,Mayo Clinic,Clinical Laboratory,MN,12215816.99,78,[object Object]; [object Object]; [object Object]; [object Object]
1841236684,"Quest Diagnostics Of Pennsylvania, Inc.",Clinical Laboratory,PA,11287496.63,78,[object Object]; [object Object]; [object Object]; [object Object]
1255468328,"Lenco Diagnostic Laboratories,inc.",Clinical Laboratory,NY,9496048.71,78,[object Object]; [object Object]; [object Object]; [object Object]
1124187927,James Uyeki,Medical Oncology,TX,6672098.2,78,[object Object]; [object Object]; [object Object]; [object Object]
1679535843,Danny Bartel,Neurology,TX,4446894.25,78,[object Object]; [object Object]; [object Object]; [object Object]
1316251358,"Incyte Pathology, P.S.",Clinical Laboratory,WA,3153647.14,78,[object Object]; [object Object]; [object Object]; [object Object]
1558380444,John Hill,Family Practice,FL,1225656.97,78,[object Object]; [object Object]; [object Object]; [object Object]
1073659637,Cost Less Senior Services Inc,Pharmacy,WA,663591.91,78,[object Object]; [object Object]; [object Object]; [object Object]
1306286166,Christopher Lafargue,Obstetrics & Gynecology,TX,562099.84,78,[object Object]; [object Object]; [object Object]; [object Object]
1386837367,Life Flight Network Llc,Ambulance Service Provider,OR,34139332.7,77,[object Object]; [object Object]; [object Object]; [object Object]
1487212551,Quest Diagnostics Clinical Laboratories Inc,Clinical Laboratory,NC,14568984.89,77,[object Object]; [object Object]; [object Object]; [object Object]
1316983158,Quest Diagnostics Clinical Laboratories Inc,Clinical Laboratory,WA,10609259.68,77,[object Object]; [object Object]; [object Object]; [object Object]
1851423388,Kashif Ali,Internal Medicine,MD,3600947.34,77,[object Object]; [object Object]; [object Object]; [object Object]
1346249539,Michael Tahery,Obstetrics & Gynecology,CA,2245326.91,77,[object Object]; [object Object]; [object Object]; [object Object]
1710960752,Scot Paris,General Surgery,PA,1029744.47,77,[object Object]; [object Object]; [object Object]; [object Object]
1013174929,Howard Mango,Audiologist,CA,1010016.14,77,[object Object]; [object Object]; [object Object]; [object Object]
1750676870,Acadian Ambulance Service Of Texas Llc,Ambulance Service Provider,TX,16787799.18,76,[object Object]; [object Object]; [object Object]; [object Object]
1336107838,"Superior Air-Ground Ambulance Service, Inc",Ambulance Service Provider,IL,16062326.74,76,[object Object]; [object Object]; [object Object]; [object Object]
1548370745,Memphis Pathology Laboratory,Clinical Laboratory,TN,14833972.56,76,[object Object]; [object Object]; [object Object]; [object Object]
1770529513,Diagnostic Laboratory Of Oklahoma Llc,Clinical Laboratory,OK,12395723.83,76,[object Object]; [object Object]; [object Object]; [object Object]
1952588329,Viking Enterprises Inc.,Ambulance Service Provider,TX,11037290.5,76,[object Object]; [object Object]; [object Object]; [object Object]
1174665822,Jamal Misleh,Hematology-Oncology,DE,6824649.9,76,[object Object]; [object Object]; [object Object]; [object Object]
1982606992,"Eurofins Ascend Clinical, Llc",Clinical Laboratory,CA,5619039.29,76,[object Object]; [object Object]; [object Object]; [object Object]
1194740571,Amanda Mckee,Nurse Practitioner,IL,5451798.48,76,[object Object]; [object Object]; [object Object]; [object Object]
1063691830,Mohamad Kassar,Hematology-Oncology,IN,4737368.02,76,[object Object]; [object Object]; [object Object]; [object Object]
1467773036,Michael Tallarico,Internal Medicine,IN,2678748.97,76,[object Object]; [object Object]; [object Object]; [object Object]
1821023714,Rajesh Iyengar,Family Practice,IL,1209382.77,76,[object Object]; [object Object]; [object Object]; [object Object]
1629407069,"Exact Sciences Laboratories, Llc",Clinical Laboratory,WI,299319622.61,75,[object Object]; [object Object]; [object Object]
1699795500,Walgreen Co,Centralized Flu,CO,108949385.06,75,[object Object]; [object Object]; [object Object]
1710130539,"Irhythm Technologies, Inc.",Independent Diagnostic Testing Facility (IDTF),CA,94027526.79,75,[object Object]; [object Object]; [object Object]
1952519696,Safeway Inc,Centralized Flu,ID,76070032.96,75,[object Object]; [object Object]; [object Object]
1376521773,David Chess,Geriatric Medicine,CT,41743309.28,75,[object Object]; [object Object]; [object Object]
1619479243,All Family Pharmacy Llc,Pharmacy,FL,30472123.92,75,[object Object]; [object Object]; [object Object]
1669791737,J's Pharmacy Llc,Pharmacy,AL,28805837.76,75,[object Object]; [object Object]; [object Object]
1043636921,"Vra Enterprises, Llc",Pharmacy,FL,26649183.12,75,[object Object]; [object Object]; [object Object]
1417627886,Tru Script Pharmacy Llc,Pharmacy,OK,25975299.84,75,[object Object]; [object Object]; [object Object]
1700333606,Ez Rx Boynton Beach Llc,Pharmacy,FL,23054950.8,75,[object Object]; [object Object]; [object Object]
1669030102,Meds To You Llc,Pharmacy,IN,16832887.68,75,[object Object]; [object Object]; [object Object]
1477988475,Sheeba Mathai,Nurse Practitioner,TX,16207673.76,75,[object Object]; [object Object]; [object Object]
1548280852,"Health Network Laboratories, Llc",Clinical Laboratory,PA,12463188.43,75,[object Object]; [object Object]; [object Object]; [object Object]
1194833939,"American Medical Response Ambulance Service, Inc.",Ambulance Service Provider,CA,9612244.34,75,[object Object]; [object Object]; [object Object]; [object Object]
1285014282,Laboratory Corporation Of America Holdings,Clinical Laboratory,KS,8485845.55,75,[object Object]; [object Object]; [object Object]; [object Object]
1619040284,Quest Diagnostics Venture Llc,Clinical Laboratory,PA,7172888.44,75,[object Object]; [object Object]; [object Object]; [object Object]
1609858729,"Rgh Enterprises, Llc",All Other Suppliers,OH,4364180.46,75,[object Object]; [object Object]; [object Object]; [object Object]
1205844750,Clark Jean,Hematology-Oncology,NV,4198673.48,75,[object Object]; [object Object]; [object Object]; [object Object]
1992704035,Ghassan Zalzaleh,Internal Medicine,IL,3084759.53,75,[object Object]; [object Object]; [object Object]; [object Object]
1073078325,Staywell Pharmacy Corp,Pharmacy,IL,2092681.24,75,[object Object]; [object Object]; [object Object]; [object Object]
1669416350,Richard Ingram,Hematology,VA,1726410.88,75,[object Object]; [object Object]; [object Object]; [object Object]
1104078880,Kevin Do,General Practice,CA,1356485.53,75,[object Object]; [object Object]; [object Object]; [object Object]
1972548287,Udaya Liyanage,General Surgery,IL,1044681.92,75,[object Object]; [object Object]; [object Object]; [object Object]
1275601478,Gilbert Dominguez,General Practice,CA,599228.05,75,[object Object]; [object Object]; [object Object]; [object Object]
1063462349,Carl Lord,Obstetrics & Gynecology,MD,438019.75,75,[object Object]; [object Object]; [object Object]; [object Object]
1871679787,Kevin Mochizuki,Audiologist,UT,319822.27,75,[object Object]; [object Object]; [object Object]; [object Object]
1316058217,Vaxcare Corporation,Centralized Flu,FL,45511651.51,74,[object Object]; [object Object]; [object Object]
1700913118,"Biological Laboratory, Inc.",Clinical Laboratory,CA,19447493.91,74,[object Object]; [object Object]; [object Object]; [object Object]
1699313585,Aaa Gpo Inc,Pharmacy,NY,13397638.8,74,[object Object]; [object Object]; [object Object]
1730662271,Medsbyme Llc,Pharmacy,NY,13103583.53,74,[object Object]; [object Object]; [object Object]
1063734739,Cleveland Heartlab Inc,Clinical Laboratory,OH,9138554.63,74,[object Object]; [object Object]; [object Object]; [object Object]
1790780716,Guangzhi Qu,Hematology-Oncology,MS,9077378.11,74,[object Object]; [object Object]; [object Object]; [object Object]
1255367843,"Lifewatch Services, Inc",Independent Diagnostic Testing Facility (IDTF),IL,6281166.16,74,[object Object]; [object Object]; [object Object]; [object Object]
1912911389,Julia Schaefer-Cutillo,Hematology-Oncology,NC,4027343.07,74,[object Object]; [object Object]; [object Object]; [object Object]
1679650949,Imran Ahmed,Hematology-Oncology,NV,4003268.13,74,[object Object]; [object Object]; [object Object]; [object Object]
1205860954,Amy Mcmullen,Medical Oncology,CA,3546254.71,74,[object Object]; [object Object]; [object Object]; [object Object]
1922001064,Thomas Alberico,Hematology-Oncology,VA,3543830.65,74,[object Object]; [object Object]; [object Object]; [object Object]
1659525756,Samuel Slomowitz,Hematology-Oncology,CA,3432151.44,74,[object Object]; [object Object]; [object Object]; [object Object]
1366682429,Frederick Min,Hematology,MD,3176289.2,74,[object Object]; [object Object]; [object Object]; [object Object]
1073737227,Jamie Burton,Hematology,AR,2826186.52,74,[object Object]; [object Object]; [object Object]; [object Object]
1952373656,Sreedevi Daggubati,Hematology,TX,2809562.84,74,[object Object]; [object Object]; [object Object]; [object Object]
1427229384,Anselmo Mendive,Family Practice,FL,1396870.26,74,[object Object]; [object Object]; [object Object]; [object Object]
1629075767,Itzhak Haimovic,Neurology,NY,1218712.6,74,[object Object]; [object Object]; [object Object]; [object Object]
1124013990,Marina Neystat,Neurology,NY,1068492.95,74,[object Object]; [object Object]; [object Object]; [object Object]
1013128016,Ednan Sheikh,Anesthesiology,NJ,589517.01,74,[object Object]; [object Object]; [object Object]; [object Object]
1265649487,Cristiano Boneti,Plastic and Reconstructive Surgery,CA,494676.47,74,[object Object]; [object Object]; [object Object]; [object Object]
1992953541,Ahmed Akl,Obstetrics & Gynecology,AZ,321240.46,74,[object Object]; [object Object]; [object Object]; [object Object]
1700998366,Michael Noone,Obstetrics & Gynecology,IL,162162.15,74,[object Object]; [object Object]; [object Object]; [object Object]
1790428969,Al-Ameer Testing Center Inc.,All Other Suppliers,IL,16668518.16,73,[object Object]; [object Object]; [object Object]
1619911971,American Medical Response Of Massachusetts Inc,Ambulance Service Provider,MA,8728556.04,73,[object Object]; [object Object]; [object Object]; [object Object]
1104560945,"Labcorp Oklahoma, Inc.",Clinical Laboratory,OK,6849660.44,73,[object Object]; [object Object]; [object Object]; [object Object]
1053475905,"North Star Emergency Services, Inc.",Ambulance Service Provider,CA,6690097.61,73,[object Object]; [object Object]; [object Object]; [object Object]
1750370755,Steven Newman,Internal Medicine,FL,5698630.82,73,[object Object]; [object Object]; [object Object]; [object Object]
1396782363,"Springfield Clinic, Llp",Clinical Laboratory,IL,3530286.46,73,[object Object]; [object Object]; [object Object]; [object Object]
1427268259,Iyad Hamarneh,Hematology-Oncology,AZ,3519237.27,73,[object Object]; [object Object]; [object Object]; [object Object]
1023044906,Jennifer Douglas,Physician Assistant,SC,2921485.71,73,[object Object]; [object Object]; [object Object]; [object Object]
1598812802,Harry Hart,Oral Surgery (Dentist only),CA,2620835.47,73,[object Object]; [object Object]; [object Object]
1639196330,Jayanthi Ramadurai,Medical Oncology,IL,2477958.63,73,[object Object]; [object Object]; [object Object]; [object Object]
1225350788,Allan Espinosa Morazan,Medical Oncology,AZ,2235087.78,73,[object Object]; [object Object]; [object Object]; [object Object]
1376521617,Jagathi Challagalla,Medical Oncology,TX,2141527.01,73,[object Object]; [object Object]; [object Object]; [object Object]
1700178209,Graham Watson,Internal Medicine,VA,1808469.76,73,[object Object]; [object Object]; [object Object]; [object Object]
1457329179,Hoang Nguyen,Internal Medicine,CA,1473572.91,73,[object Object]; [object Object]; [object Object]; [object Object]
1982650776,Vincent Bennett,Emergency Medicine,CA,1196308.63,73,[object Object]; [object Object]; [object Object]; [object Object]
1942413349,Luke Liu,Anesthesiology,AK,927124.12,73,[object Object]; [object Object]; [object Object]; [object Object]
1154578227,Richard Falivena,General Surgery,NJ,207178.26,73,[object Object]; [object Object]; [object Object]; [object Object]
1356432140,Albertsons Llc,Centralized Flu,ID,29029280.52,72,[object Object]; [object Object]; [object Object]
1275509259,Careflite,Ambulance Service Provider,TX,10982074.21,72,[object Object]; [object Object]; [object Object]; [object Object]
1821028945,Central Emergency Medical Services Llc,Ambulance Service Provider,GA,6567573.83,72,[object Object]; [object Object]; [object Object]; [object Object]
1093792350,"Mayo Collaborative Services, Inc",Clinical Laboratory,MN,6500943.22,72,[object Object]; [object Object]; [object Object]; [object Object]
1497957476,Amir Baluch,Anesthesiology,FL,6353073.73,72,[object Object]; [object Object]; [object Object]
1598747164,Kamal Patel,Hematology-Oncology,AR,5689504.21,72,[object Object]; [object Object]; [object Object]; [object Object]
1699858373,Laboratory Corporation Of America,Clinical Laboratory,TN,5172667.09,72,[object Object]; [object Object]; [object Object]; [object Object]
1992740856,Alexander Zuhoski,Medical Oncology,NY,4439048.64,72,[object Object]; [object Object]; [object Object]; [object Object]
1427133685,Associated Clinical Laboratories,Clinical Laboratory,PA,3818508.56,72,[object Object]; [object Object]; [object Object]; [object Object]
1609908474,Cotton O'neil Clinic Revocable Trust,Clinical Laboratory,KS,3611614.03,72,[object Object]; [object Object]; [object Object]; [object Object]
1407812043,Nauman Moazzam,Hematology-Oncology,CO,3572874.73,72,[object Object]; [object Object]; [object Object]; [object Object]
1891084513,Andrew Mener,Hematology,MD,3467320.19,72,[object Object]; [object Object]; [object Object]; [object Object]
1316017676,Jason Taksey,Hematology-Oncology,MD,3321095.04,72,[object Object]; [object Object]; [object Object]; [object Object]
1174566624,Thomas Gregory,Medical Oncology,TX,2437619.69,72,[object Object]; [object Object]; [object Object]; [object Object]
1902141914,Amishi Desai,Hematology,NY,2242516,72,[object Object]; [object Object]; [object Object]; [object Object]
1669470068,Pejman Shirazy,Physical Medicine and Rehabilitation,CA,1947613.95,72,[object Object]; [object Object]; [object Object]; [object Object]
1669607479,Jingdong Su,Internal Medicine,TX,1724562.89,72,[object Object]; [object Object]; [object Object]; [object Object]
1063590560,Min Wu,Family Practice,CA,1105216.11,72,[object Object]; [object Object]; [object Object]; [object Object]
1063454916,Joseph Silverstein,Physician Assistant,CA,948964.7,72,[object Object]; [object Object]; [object Object]; [object Object]
1043574338,Neil Malhotra,Anesthesiology,IL,347467.05,72,[object Object]; [object Object]; [object Object]; [object Object]
1801976378,George Lazarou,Obstetrics & Gynecology,NY,310303.17,72,[object Object]; [object Object]; [object Object]; [object Object]
1033351820,Eric Vessels,Anesthesiology,KY,304079.64,72,[object Object]; [object Object]; [object Object]; [object Object]
1770826299,John Gardner,Anesthesiology,KY,266241.98,72,[object Object]; [object Object]; [object Object]; [object Object]
1013973866,"Caris Mpi, Inc.",Clinical Laboratory,AZ,97409551.39,71,[object Object]; [object Object]; [object Object]
1932507969,Orchard Laboratories Corp,Clinical Laboratory,MI,53462926.33,71,[object Object]; [object Object]; [object Object]
1669566626,American Drug Stores Llc,Centralized Flu,ID,27345918.76,71,[object Object]; [object Object]; [object Object]
1982847851,Johnson Lee,Plastic and Reconstructive Surgery,CA,22462191.07,71,[object Object]; [object Object]; [object Object]
1841489440,Jack Azad,General Practice,CA,17207532.49,71,[object Object]; [object Object]; [object Object]
1003077322,Simon Fensterszaub,Family Practice,NY,14764331.08,71,[object Object]; [object Object]; [object Object]
1710294368,Elite Medical Transportation Llc,Ambulance Service Provider,IL,12458657.97,71,[object Object]; [object Object]; [object Object]; [object Object]
1861763658,"Professional Clinical Laboratories, Llc",Clinical Laboratory,IN,8065247.25,71,[object Object]; [object Object]; [object Object]; [object Object]
1275032948,Trifecta Pharmacy Llc,Pharmacy,TX,7927886.4,71,[object Object]; [object Object]; [object Object]
1053372649,Bassam Mattar,Hematology-Oncology,KS,7230776.27,71,[object Object]; [object Object]; [object Object]; [object Object]
1861772501,Freedom Pharmacy And Medical Supply,Pharmacy,TX,7010606.4,71,[object Object]; [object Object]; [object Object]
1841962289,Tricore Inc.,Clinical Laboratory,NM,6965208.82,71,[object Object]; [object Object]; [object Object]; [object Object]
1861093601,Philana Mcdonald,Nurse Practitioner,CA,6877248,71,[object Object]; [object Object]; [object Object]
1043272305,Dennis Moore,Hematology-Oncology,KS,6748777.64,71,[object Object]; [object Object]; [object Object]; [object Object]
1972617736,"Groveway Pharmacy, Inc.",Pharmacy,TX,6682584.72,71,[object Object]; [object Object]; [object Object]
1558978643,Mayra Flores,Nurse Practitioner,CA,5950089.6,71,[object Object]; [object Object]; [object Object]
1780620526,Quest Diagnostics Nichols Institute,Clinical Laboratory,CA,5577852.16,71,[object Object]; [object Object]; [object Object]; [object Object]
1972873305,Ms Diagnostic Laboratory Llc,Clinical Laboratory,CA,5084145.64,71,[object Object]; [object Object]; [object Object]; [object Object]
1134113376,Bhavesh Balar,Hematology-Oncology,NJ,4163464.12,71,[object Object]; [object Object]; [object Object]; [object Object]
1306870837,Mary Mulcahy,Medical Oncology,IL,3199120.12,71,[object Object]; [object Object]; [object Object]; [object Object]
1104016088,Quest Diagnostics Clinical Laboratories Inc,Clinical Laboratory,MO,3097626.81,71,[object Object]; [object Object]; [object Object]; [object Object]
1245249689,Rupesh Parikh,Hematology-Oncology,NV,3057955.55,71,[object Object]; [object Object]; [object Object]; [object Object]
1376552745,Anuradha Thummala,Hematology-Oncology,NV,2701679.54,71,[object Object]; [object Object]; [object Object]; [object Object]
1093918617,David Dspain,Medical Oncology,TX,2599970.87,71,[object Object]; [object Object]; [object Object]; [object Object]
1306058581,Deepali Sharma,Internal Medicine,NY,2581908.9,71,[object Object]; [object Object]; [object Object]; [object Object]
1578501664,Dina Tebcherany,Medical Oncology,TX,2496347.58,71,[object Object]; [object Object]; [object Object]; [object Object]
1407234453,James Osteen,Internal Medicine,TX,1675910.46,71,[object Object]; [object Object]; [object Object]; [object Object]
1972967792,John Schaub,Medical Oncology,FL,1564903.83,71,[object Object]; [object Object]; [object Object]; [object Object]
1942352315,Mehrdad Pakdaman,Family Practice,CA,1313836.23,71,[object Object]; [object Object]; [object Object]; [object Object]
1316107147,Maria Dolgovina,Neurology,NY,896492.83,71,[object Object]; [object Object]; [object Object]; [object Object]
1861460289,Debra Griner,Nurse Practitioner,WY,622783.41,71,[object Object]; [object Object]; [object Object]; [object Object]
1518409259,Mary Decker,Nurse Practitioner,IL,541812.7,71,[object Object]; [object Object]; [object Object]; [object Object]
1801811237,Val Vogt,Obstetrics & Gynecology,TN,390584.42,71,[object Object]; [object Object]; [object Object]; [object Object]
1598727034,Guillermo Davila,Obstetrics & Gynecology,FL,313586.16,71,[object Object]; [object Object]; [object Object]; [object Object]
1326033705,Rodney Miller,Anesthesiology,KY,234000.32,71,[object Object]; [object Object]; [object Object]; [object Object]
1811069685,The Cleveland Clinic Foundation,Clinic or Group Practice,OH,143956.29,71,[object Object]; [object Object]; [object Object]; [object Object]
1306599451,Cipher Global Llc,Clinical Laboratory,IL,45105969.89,70,[object Object]; [object Object]; [object Object]
1851059588,Texas Molecular Diagnostics Laboratory,Clinical Laboratory,TX,43019623.26,70,[object Object]; [object Object]; [object Object]
1750944526,"Silverpath, Inc.",Clinical Laboratory,PA,41853703.62,70,[object Object]; [object Object]; [object Object]
1174718134,Richard Park,Internal Medicine,CA,31709034.86,70,[object Object]; [object Object]; [object Object]
1770830606,Cardiac Imaging Inc,Independent Diagnostic Testing Facility (IDTF),IL,31052049.3,70,[object Object]; [object Object]; [object Object]
1902008170,Wilfredo Blasini,Pathology,FL,16915367.11,70,[object Object]; [object Object]; [object Object]
1346680790,Joseph Sidaoui,General Surgery,NY,16311990.36,70,[object Object]; [object Object]; [object Object]
1790765337,John Waples,Hematology-Oncology,AL,9638056.8,70,[object Object]; [object Object]; [object Object]; [object Object]
1306333414,Christopher Fisher,General Practice,OK,7600365.19,70,[object Object]; [object Object]; [object Object]
1932161155,Pavan Reddy,Hematology-Oncology,KS,6704139.53,70,[object Object]; [object Object]; [object Object]; [object Object]
1497034532,Pharmaneek Inc,Pharmacy,IN,6229366.16,70,[object Object]; [object Object]; [object Object]
1740265347,Saint Francis Outreach Services Llc,Clinical Laboratory,OK,5414299.49,70,[object Object]; [object Object]; [object Object]; [object Object]
1013911668,Tammy Young,Hematology-Oncology,MS,5083504.37,70,[object Object]; [object Object]; [object Object]; [object Object]
1366761975,Ryan Hall,Hematology-Oncology,AR,4552961.45,70,[object Object]; [object Object]; [object Object]; [object Object]
1083698534,Laboratory Corporation Of America,Clinical Laboratory,IL,4403627.07,70,[object Object]; [object Object]; [object Object]; [object Object]
1851959928,Quest Diagnostics Clinical Laboratories Inc,Clinical Laboratory,VA,3904021.26,70,[object Object]; [object Object]; [object Object]; [object Object]
1235240987,Daniel Greenwald,Medical Oncology,CA,3465269.45,70,[object Object]; [object Object]; [object Object]; [object Object]
1295717189,Lawrence Mendelsohn,Hematology-Oncology,AR,3436251.04,70,[object Object]; [object Object]; [object Object]; [object Object]
1669466868,Leonard Hackett,Hematology,CA,3340470.14,70,[object Object]; [object Object]; [object Object]; [object Object]
1720248081,Roy Chen,Hematology-Oncology,NY,3312571.11,70,[object Object]; [object Object]; [object Object]; [object Object]
1528039484,Mayo Clinic Arizona,Clinical Laboratory,AZ,3142811.2,70,[object Object]; [object Object]; [object Object]; [object Object]
1134633266,Wendy Prewett,Nurse Practitioner,TX,2882939.18,70,[object Object]; [object Object]; [object Object]; [object Object]
1497273841,Joel Lurie,Nurse Practitioner,TX,2836458.9,70,[object Object]; [object Object]; [object Object]; [object Object]
1730379132,Dejuania Brown-Rawls,Hematology-Oncology,SC,2816856.53,70,[object Object]; [object Object]; [object Object]; [object Object]
1649217464,Deepnarayan Tiwarri,Hematology-Oncology,MD,2580898,70,[object Object]; [object Object]; [object Object]; [object Object]
1396720454,Mark Kochenderfer,Hematology-Oncology,VA,2504454.32,70,[object Object]; [object Object]; [object Object]; [object Object]
1134447980,Benjamin Jones,Medical Oncology,AL,2389458.65,70,[object Object]; [object Object]; [object Object]; [object Object]
1659399624,Rami Owera,Medical Oncology,FL,2331135.03,70,[object Object]; [object Object]; [object Object]; [object Object]
1558336149,Wasif Shirazi,Hematology-Oncology,IL,2301250.34,70,[object Object]; [object Object]; [object Object]; [object Object]
1134186166,Rene Castillo,Medical Oncology,TX,2027919.23,70,[object Object]; [object Object]; [object Object]; [object Object]
1871966622,Jasmine Aghajani,Oral Surgery (Dentist only),CA,2007793.01,70,[object Object]; [object Object]; [object Object]
1356384200,Haskell Kirkpatrick,Medical Oncology,TX,1833930.61,70,[object Object]; [object Object]; [object Object]; [object Object]
1316988090,Praveen Reddy,Hematology-Oncology,TX,1800220.85,70,[object Object]; [object Object]; [object Object]; [object Object]
1659313559,Donald Richards,Medical Oncology,TX,1797863.92,70,[object Object]; [object Object]; [object Object]; [object Object]
1295775005,Erin Fleener,Medical Oncology,TX,1781000.01,70,[object Object]; [object Object]; [object Object]; [object Object]
1386688232,Celeste Wilcox,Medical Oncology,TX,1690316.07,70,[object Object]; [object Object]; [object Object]; [object Object]
1386648749,Bilal Ansari,Medical Oncology,IN,1663295.64,70,[object Object]; [object Object]; [object Object]; [object Object]
1255325338,Turtle Healthcare Group Llc,Mass Immunizer Roster Biller,TX,1031704.69,70,[object Object]; [object Object]; [object Object]; [object Object]
1720135726,Mike Rostami,General Practice,CA,473164.34,70,[object Object]; [object Object]; [object Object]; [object Object]
1891951661,Brett Lenart,Obstetrics & Gynecology,NY,404279.06,70,[object Object]; [object Object]; [object Object]; [object Object]
1619902442,Joel Johnson,General Practice,SC,390205.88,70,[object Object]; [object Object]; [object Object]; [object Object]
1285213033,Kristin Gundt,Nurse Practitioner,CO,364234.15,70,[object Object]; [object Object]; [object Object]; [object Object]
1538898051,Link Pharmacy Corp,Pharmacy,TX,361215.47,70,[object Object]; [object Object]; [object Object]; [object Object]
1164713194,Juan Bautista,General Practice,CA,353668.36,70,[object Object]; [object Object]; [object Object]; [object Object]
1245492644,Caryn Hollander,Obstetrics & Gynecology,VA,352592.59,70,[object Object]; [object Object]; [object Object]; [object Object]
1386654408,Brett Vassallo,Obstetrics & Gynecology,IL,124390.2,70,[object Object]; [object Object]; [object Object]; [object Object]
1184201220,"Yellowstone Labs, Llc",Clinical Laboratory,TX,35390095.13,69,[object Object]; [object Object]; [object Object]
1689322471,Chicago Care Lab Services Llc,Clinical Laboratory,IL,33354974.24,69,[object Object]; [object Object]; [object Object]
1104923036,Pharmakon Pharmacy Inc,Mass Immunizer Roster Biller,NY,14055199.2,69,[object Object]; [object Object]; [object Object]
1386905016,Falck Northern California Corp.,Ambulance Service Provider,CA,11289671.45,69,[object Object]; [object Object]; [object Object]; [object Object]
1902025398,"Premier Medical Transport, Inc.",Ambulance Service Provider,CA,8590210.84,69,[object Object]; [object Object]; [object Object]; [object Object]
1720046188,"Superior Air-Ground Ambulance Service Of Michigan, Inc",Ambulance Service Provider,MI,7447565.18,69,[object Object]; [object Object]; [object Object]; [object Object]
1841479573,"Advanced Bionics, Llc.",Pharmacy,CA,6893987.21,69,[object Object]; [object Object]; [object Object]; [object Object]
1417927054,Ravi Rao,Hematology-Oncology,CA,6582461.74,69,[object Object]; [object Object]; [object Object]; [object Object]
1073571949,Christopher Lobo,Hematology-Oncology,FL,6129989.38,69,[object Object]; [object Object]; [object Object]; [object Object]
1295145605,"Bayshore Health Mart, Inc.",Pharmacy,TX,5256096.72,69,[object Object]; [object Object]; [object Object]
1124603451,Health Wise Affordable Pharmacy,Pharmacy,TX,5069630.16,69,[object Object]; [object Object]; [object Object]
1659373900,"Chicago Clinical Laboratories, Ltd",Clinical Laboratory,IL,4963698.36,69,[object Object]; [object Object]; [object Object]; [object Object]
1194744185,Quality Healthcare Management Inc,Clinical Laboratory,NY,4806599.69,69,[object Object]; [object Object]; [object Object]; [object Object]
1952509606,Jay Wang,Medical Oncology,FL,4536312.09,69,[object Object]; [object Object]; [object Object]; [object Object]
1922246982,Andrew Weber,Hematology-Oncology,FL,4521044,69,[object Object]; [object Object]; [object Object]; [object Object]
1770688129,Sutter Valley Medical Foundation,Clinical Laboratory,CA,4410042.83,69,[object Object]; [object Object]; [object Object]; [object Object]
1457383663,Mark Fleming,Hematology-Oncology,VA,3876984.12,69,[object Object]; [object Object]; [object Object]; [object Object]
1053337295,Bruce Saidman,Medical Oncology,PA,3441401.8,69,[object Object]; [object Object]; [object Object]; [object Object]
1104897099,Patrick Travis,Medical Oncology,AR,3313508.57,69,[object Object]; [object Object]; [object Object]; [object Object]
1013200328,Jordan Henderson,Hematology-Oncology,SC,3123889.43,69,[object Object]; [object Object]; [object Object]; [object Object]
1275679250,Barry Jacobson,Obstetrics & Gynecology,PA,2957275.43,69,[object Object]; [object Object]; [object Object]
1033180229,Daniel Bradford,Internal Medicine,AR,2785083.21,69,[object Object]; [object Object]; [object Object]; [object Object]
1558380295,David Greenwald,Medical Oncology,PA,2656087.1,69,[object Object]; [object Object]; [object Object]; [object Object]
1245464742,Bo Zhao,Hematology-Oncology,VA,2572438.58,69,[object Object]; [object Object]; [object Object]; [object Object]
1396754727,Grzegorz Obara,Hematology-Oncology,NV,2549570.57,69,[object Object]; [object Object]; [object Object]; [object Object]
1013431741,Quest Diagnostics Clinical Laboratories Inc,Clinical Laboratory,CO,2536106.18,69,[object Object]; [object Object]; [object Object]; [object Object]
1972627446,Srini Reddy,Hematology-Oncology,TX,2460500.13,69,[object Object]; [object Object]; [object Object]; [object Object]
1265503494,Ermin Arriola,Physical Medicine and Rehabilitation,IL,2396315.23,69,[object Object]; [object Object]; [object Object]; [object Object]
1114188109,Ayesha Siddiqui,Family Practice,NY,2394226.37,69,[object Object]; [object Object]; [object Object]; [object Object]
1225071806,James Montgomery,Obstetrics & Gynecology,SC,1947674.92,69,[object Object]; [object Object]; [object Object]; [object Object]
1154326718,Valiant Tan,Hematology-Oncology,VA,1933307.41,69,[object Object]; [object Object]; [object Object]; [object Object]
1669448692,Suzan Merten,Medical Oncology,VA,1799739.18,69,[object Object]; [object Object]; [object Object]; [object Object]
1184667628,Sucharu Prakash,Hematology-Oncology,TX,1730057.78,69,[object Object]; [object Object]; [object Object]; [object Object]
1336164342,Ernesto Ayala,Hematopoietic Cell Transplantation and Cellular Therapy,FL,1718989.04,69,[object Object]; [object Object]; [object Object]; [object Object]
1255517561,Srikar Malireddy,Hematology-Oncology,TX,1664239.18,69,[object Object]; [object Object]; [object Object]; [object Object]
1659319028,Amir Faridi,Hematology-Oncology,TX,1592089.66,69,[object Object]; [object Object]; [object Object]; [object Object]
1295050037,Lijo John,Internal Medicine,TX,1318195.77,69,[object Object]; [object Object]; [object Object]; [object Object]
1346266269,Brian Tyson,Family Practice,CA,709713.67,69,[object Object]; [object Object]; [object Object]; [object Object]
1225053622,Michael Carley,Obstetrics & Gynecology,TX,521728.44,69,[object Object]; [object Object]; [object Object]; [object Object]
1679656946,Allan Kurtz,Internal Medicine,CA,497624.47,69,[object Object]; [object Object]; [object Object]; [object Object]
1538364369,Paul Littman,Obstetrics & Gynecology,NJ,346612.35,69,[object Object]; [object Object]; [object Object]; [object Object]
1528282902,Lisa Houk,Nurse Practitioner,TX,289237.01,69,[object Object]; [object Object]; [object Object]; [object Object]
1518266303,Danielle O'shaughnessy,Obstetrics & Gynecology,NY,251766.84,69,[object Object]; [object Object]; [object Object]; [object Object]
1326075367,Lauri Budnick,Obstetrics & Gynecology,NY,144626.44,69,[object Object]; [object Object]; [object Object]; [object Object]
1699782722,Aegis Sciences Corporation,Clinical Laboratory,TN,34460071.25,68,[object Object]; [object Object]; [object Object]
1144981184,Medshield Labs Llc,Clinical Laboratory,TX,31542132.51,68,[object Object]; [object Object]; [object Object]
1164170445,Luna Labs Llc,Clinical Laboratory,IL,31438102.08,68,[object Object]; [object Object]; [object Object]
1235600214,Sval,Clinical Laboratory,TX,27743673.33,68,[object Object]; [object Object]; [object Object]
1659002467,Lone Star Medlab Laboratory Llc,Clinical Laboratory,TX,27193682.88,68,[object Object]; [object Object]; [object Object]
1336420140,"Mdinr, Llc",Independent Diagnostic Testing Facility (IDTF),CA,25195643.23,68,[object Object]; [object Object]; [object Object]
1760418370,"Alere Home Monitoring, Inc.",Independent Diagnostic Testing Facility (IDTF),CA,20743752.34,68,[object Object]; [object Object]; [object Object]
1033383351,Ryan Olson,Pathology,FL,12763532.59,68,[object Object]; [object Object]; [object Object]
1962489237,"Esoterix, Inc",Clinical Laboratory,CA,10280839.33,68,[object Object]; [object Object]; [object Object]; [object Object]
1629093174,Linda Bankovich,Physical Therapist in Private Practice,AE,9753638.16,68,[object Object]; [object Object]; [object Object]
1154089241,Fast Lab Technologies Llc,Clinical Laboratory,NY,9348517.68,68,[object Object]; [object Object]; [object Object]; [object Object]
1225028707,Atlantic Ambulance Corp.,Ambulance Service Provider,NJ,8755719.91,68,[object Object]; [object Object]; [object Object]; [object Object]
1245275106,Biocorp Clinical Lab Inc,Clinical Laboratory,CA,6087107.67,68,[object Object]; [object Object]; [object Object]; [object Object]
1780654889,Andrew Lipman,Hematology-Oncology,FL,5615722.21,68,[object Object]; [object Object]; [object Object]; [object Object]
1720378524,"Star Lab, Inc",Clinical Laboratory,IL,5433594.41,68,[object Object]; [object Object]; [object Object]; [object Object]
1639462476,"Amerimed Emergency Medical Services, Llc",Ambulance Service Provider,GA,5412716.33,68,[object Object]; [object Object]; [object Object]; [object Object]
1881626943,Latara Enterprise Inc.,Clinical Laboratory,CA,4503622.71,68,[object Object]; [object Object]; [object Object]; [object Object]
1942305677,Travis Koeneke,Hematology-Oncology,KS,4439430.65,68,[object Object]; [object Object]; [object Object]; [object Object]
1417918079,Shaker Dakhil,Hematology-Oncology,KS,4399822.28,68,[object Object]; [object Object]; [object Object]; [object Object]
1558807495,Delivrxd Llc,Pharmacy,FL,4333084.83,68,[object Object]; [object Object]; [object Object]
1265875470,Matthew Lockwood,Hematology-Oncology,AR,4203685.15,68,[object Object]; [object Object]; [object Object]; [object Object]
1528029147,Nassim Nabbout,Hematology-Oncology,KS,4195070.23,68,[object Object]; [object Object]; [object Object]; [object Object]
1063494953,Balagopalan Nair,Hematology-Oncology,AR,4123861.66,68,[object Object]; [object Object]; [object Object]; [object Object]
1124586573,Courtney Williams,Nurse Practitioner,CO,4081037.55,68,[object Object]; [object Object]; [object Object]
1538198171,Steven Madden,Hematology-Oncology,SC,4028433.75,68,[object Object]; [object Object]; [object Object]; [object Object]
1760469407,Stephen Divers,Medical Oncology,AR,3892943,68,[object Object]; [object Object]; [object Object]; [object Object]
1881725364,Charles Butler,Medical Oncology,SC,3750876.72,68,[object Object]; [object Object]; [object Object]; [object Object]
1285009035,Sutter Valley Medical Foundation,Clinical Laboratory,CA,3686963.69,68,[object Object]; [object Object]; [object Object]; [object Object]
1700047180,Amardeep Aulakh,Internal Medicine,CA,3515451.61,68,[object Object]; [object Object]; [object Object]; [object Object]
1003807645,Scott Lunin,Medical Oncology,FL,3487365.51,68,[object Object]; [object Object]; [object Object]; [object Object]
1033186713,Vijaya Korrapati,Hematology-Oncology,SC,3443379.1,68,[object Object]; [object Object]; [object Object]; [object Object]
1073530432,Perrie Ryan,Hematology-Oncology,SC,3326897.95,68,[object Object]; [object Object]; [object Object]; [object Object]
1962499806,Umasankar Ramadoss,Medical Oncology,MO,3287738.83,68,[object Object]; [object Object]; [object Object]; [object Object]
1922079904,Kenneth Nahum,Hematology-Oncology,NJ,3239994.01,68,[object Object]; [object Object]; [object Object]; [object Object]
1841223047,Asheesh Lal,Hematology-Oncology,SC,3199372.98,68,[object Object]; [object Object]; [object Object]; [object Object]
1164509873,James Wells,Hematology-Oncology,SC,3178487.26,68,[object Object]; [object Object]; [object Object]; [object Object]
1790747491,Saint Barnabas Outpatient Centers,Independent Diagnostic Testing Facility (IDTF),NJ,3082819.6,68,[object Object]; [object Object]; [object Object]; [object Object]
1598765166,Amar Hamad,Medical Oncology,IL,3013592.56,68,[object Object]; [object Object]; [object Object]; [object Object]
1851654818,Andrew Iliff,Internal Medicine,MO,2765142.35,68,[object Object]; [object Object]; [object Object]; [object Object]
1609946169,Shahryar Ashouri,Hematology-Oncology,CA,2224586.35,68,[object Object]; [object Object]; [object Object]; [object Object]
1679566178,Renwick Goldberg,Hematology-Oncology,SC,2209187.48,68,[object Object]; [object Object]; [object Object]; [object Object]
1639718661,Rosalio Gallegos,Nurse Practitioner,TX,2182133.93,68,[object Object]; [object Object]; [object Object]; [object Object]
1689036253,Joshua Mintz,Interventional Pain Management,TX,2158069.24,68,[object Object]; [object Object]; [object Object]; [object Object]
1437252301,Vladimir Skorokhod,Emergency Medicine,CA,2145526.14,68,[object Object]; [object Object]; [object Object]; [object Object]
1518256544,Azmina Patel,Hematology-Oncology,TX,2070478.9,68,[object Object]; [object Object]; [object Object]; [object Object]
1689847303,Lisa Sproat,Hematopoietic Cell Transplantation and Cellular Therapy,AZ,1879267.12,68,[object Object]; [object Object]; [object Object]; [object Object]
1023157278,Peter Tothy,Hematology-Oncology,IN,1837899.84,68,[object Object]; [object Object]; [object Object]; [object Object]
1790723328,Vladimir Hugec,Hematology-Oncology,MN,1785118.79,68,[object Object]; [object Object]; [object Object]; [object Object]
1558523084,Nicholas Manolitsis,Physical Medicine and Rehabilitation,IL,1776413,68,[object Object]; [object Object]; [object Object]; [object Object]
1275755670,Brian Vicuna,Hematology-Oncology,NV,1768496.3,68,[object Object]; [object Object]; [object Object]; [object Object]
1881887826,Alaa Muslimani,Medical Oncology,SC,1698919.13,68,[object Object]; [object Object]; [object Object]; [object Object]
1568406288,William Houck,Hematology-Oncology,VA,1677646.58,68,[object Object]; [object Object]; [object Object]; [object Object]
1881666477,Habte Yimer,Hematology-Oncology,TX,1672470.41,68,[object Object]; [object Object]; [object Object]; [object Object]
1346282209,Billie Marek,Medical Oncology,TX,1596945.24,68,[object Object]; [object Object]; [object Object]; [object Object]
1538268438,Fadi Braiteh,Medical Oncology,NV,1526242.96,68,[object Object]; [object Object]; [object Object]; [object Object]
1053336974,Kamran Kalpari,Internal Medicine,CA,1437400.07,68,[object Object]; [object Object]; [object Object]; [object Object]
1366862484,Donald Vile,Hematology-Oncology,VA,1433571.47,68,[object Object]; [object Object]; [object Object]; [object Object]
1215066980,Jumana Chatiwala,Hematology,NJ,1321076.4,68,[object Object]; [object Object]; [object Object]; [object Object]
1851334759,Neeraj Sharma,Medical Oncology,TX,1262287.83,68,[object Object]; [object Object]; [object Object]; [object Object]
1598246449,Anna Miller,Nurse Practitioner,SC,1121410.03,68,[object Object]; [object Object]; [object Object]; [object Object]
1912959594,David Ross,Medical Oncology,FL,1115452.23,68,[object Object]; [object Object]; [object Object]; [object Object]
1912949033,Kristi Mcintyre,Medical Oncology,TX,1041629.11,68,[object Object]; [object Object]; [object Object]; [object Object]
1043269194,Ali Enayati,Internal Medicine,CA,1035329.08,68,[object Object]; [object Object]; [object Object]; [object Object]
1326260597,Michael Homayun,Oral Surgery (Dentist only),CA,964821.84,68,[object Object]; [object Object]; [object Object]; [object Object]
1629269774,Matei Socoteanu,Medical Oncology,TX,946681.93,68,[object Object]; [object Object]; [object Object]; [object Object]
1982661674,Shubhada Shrikhande,Medical Oncology,TX,893486.3,68,[object Object]; [object Object]; [object Object]; [object Object]
1639111503,Cynthia Osborne,Medical Oncology,TX,836835.54,68,[object Object]; [object Object]; [object Object]; [object Object]
1316954688,Laurie Johnson,Physician Assistant,WY,612456.94,68,[object Object]; [object Object]; [object Object]; [object Object]
1437758141,North Shore Chemists Llc,Pharmacy,NY,544202.93,68,[object Object]; [object Object]; [object Object]; [object Object]
1902942220,F. Conner,Internal Medicine,GA,474362.35,68,[object Object]; [object Object]; [object Object]; [object Object]
1477971125,Homayoun Siman,General Practice,CA,381436.66,68,[object Object]; [object Object]; [object Object]; [object Object]
1730157058,Andrea Pezzella,Obstetrics & Gynecology,SC,372079.8,68,[object Object]; [object Object]; [object Object]; [object Object]
1568701100,Tracie Woodward,Nurse Practitioner,SC,162523.29,68,[object Object]; [object Object]; [object Object]; [object Object]
1316202849,Lindsey Charo,Obstetrics & Gynecology,CA,113892.38,68,[object Object]; [object Object]; [object Object]; [object Object]
1013525286,American Premier Labs,Clinical Laboratory,TX,28623567.56,67,[object Object]; [object Object]; [object Object]
1972273340,Mars Lab Services Inc,Clinical Laboratory,IL,25795277.76,67,[object Object]; [object Object]; [object Object]
1235186800,"Pathgroup Labs, Llc",Clinical Laboratory,NC,24770758.8,67,[object Object]; [object Object]; [object Object]
1679226963,Sinai Laboratory Corp,Clinical Laboratory,IL,23790423.39,67,[object Object]; [object Object]; [object Object]
1326482712,Classic Air Care Llc,Ambulance Service Provider,CO,15364871.41,67,[object Object]; [object Object]; [object Object]; [object Object]
1891791703,Ravindra Gautam,Internal Medicine,CA,13017090.98,67,[object Object]; [object Object]; [object Object]; [object Object]
1376921254,Vons Companies Inc,Centralized Flu,ID,12669620.89,67,[object Object]; [object Object]; [object Object]
1538565478,Nai Saturn Eastern Llc,Centralized Flu,ID,12598655.03,67,[object Object]; [object Object]; [object Object]
1598767501,Kwph Enterprises Inc,Ambulance Service Provider,CA,11059911.2,67,[object Object]; [object Object]; [object Object]; [object Object]
1326401787,Hooman Saberinia,Internal Medicine,CA,9572216.64,67,[object Object]; [object Object]; [object Object]
1477652501,"Pafford Medical Services, Inc",Ambulance Service Provider,AR,8205153.04,67,[object Object]; [object Object]; [object Object]; [object Object]
1659383719,Hall Ambulance Service Inc,Ambulance Service Provider,CA,7588235.53,67,[object Object]; [object Object]; [object Object]; [object Object]
1891782595,"Medshore Ambulance Service, Llc",Ambulance Service Provider,SC,6383676.91,67,[object Object]; [object Object]; [object Object]; [object Object]
1013054865,Shariar Cohen-Gadol,Rheumatology,CA,6171363.52,67,[object Object]; [object Object]; [object Object]; [object Object]
1528263043,Jeremy Deutsch,Hematology-Oncology,KS,5670844.23,67,[object Object]; [object Object]; [object Object]; [object Object]
1013032713,Dexter Estrada,Hematology-Oncology,CA,5557654.56,67,[object Object]; [object Object]; [object Object]; [object Object]
1639179708,Mitchell Martin,Medical Oncology,TN,4688372.64,67,[object Object]; [object Object]; [object Object]; [object Object]
1972721348,Christopher Dakhil,Hematology-Oncology,KS,4431812.99,67,[object Object]; [object Object]; [object Object]; [object Object]
1639119589,Justin Baker,Hematology-Oncology,MS,4128129.37,67,[object Object]; [object Object]; [object Object]; [object Object]
1740790179,Lindsay Gamble,Nurse Practitioner,SC,3680475.52,67,[object Object]; [object Object]; [object Object]; [object Object]
1235234402,"Enzo Clinical Labs, Inc.",Clinical Laboratory,NY,3182296.03,67,[object Object]; [object Object]; [object Object]; [object Object]
1609984368,Kewen Jauss,Hematology-Oncology,AR,2790989.09,67,[object Object]; [object Object]; [object Object]; [object Object]
1821438714,Scott Graupner,Hematology-Oncology,SC,2742553.94,67,[object Object]; [object Object]; [object Object]; [object Object]
1891094447,Adriana Guigova,Hematology-Oncology,NY,2312401.39,67,[object Object]; [object Object]; [object Object]; [object Object]
1922214352,Jamal Joudeh,Hematology-Oncology,FL,2112270.54,67,[object Object]; [object Object]; [object Object]; [object Object]
1639379308,Mitul Gandhi,Hematology-Oncology,VA,1944981.08,67,[object Object]; [object Object]; [object Object]; [object Object]
1902249469,Erin Chamberlain,Hematology-Oncology,CA,1931775.83,67,[object Object]; [object Object]; [object Object]; [object Object]
1427053461,Richard Orlowski,Medical Oncology,NC,1900970.47,67,[object Object]; [object Object]; [object Object]; [object Object]
1790727709,Joyce O'shaughnessy,Medical Oncology,TX,1881178.51,67,[object Object]; [object Object]; [object Object]; [object Object]
1881906311,Yue Zhang,Hematology-Oncology,VA,1827235.34,67,[object Object]; [object Object]; [object Object]; [object Object]
1619959525,Diane Wilder,Medical Oncology,AR,1749635.91,67,[object Object]; [object Object]; [object Object]; [object Object]
1730157371,Robert Marsh,Hematology-Oncology,VA,1622895.23,67,[object Object]; [object Object]; [object Object]; [object Object]
1538131651,Sowjanya Nagabhirava,Hematology-Oncology,VA,1617050.41,67,[object Object]; [object Object]; [object Object]; [object Object]
1972678571,Pamela Sinclair,Medical Oncology,SC,1560336.13,67,[object Object]; [object Object]; [object Object]; [object Object]
1255397477,Boon Cheng Kok,Hematology-Oncology,VA,1554108.68,67,[object Object]; [object Object]; [object Object]; [object Object]
1649446444,Rashid Khan,Medical Oncology,IN,1548863.35,67,[object Object]; [object Object]; [object Object]; [object Object]
1346553187,Susmita Sakruti,Hematology-Oncology,TX,1493525.27,67,[object Object]; [object Object]; [object Object]; [object Object]
1467445999,Michael Danso,Medical Oncology,VA,1415547.55,67,[object Object]; [object Object]; [object Object]; [object Object]
1730176322,Richard Siegel,Hematology-Oncology,IL,1388522.17,67,[object Object]; [object Object]; [object Object]; [object Object]
1609873504,Jesus Gomez,Medical Oncology,TX,1258242.89,67,[object Object]; [object Object]; [object Object]; [object Object]
1194019075,Sasha Davis,Medical Oncology,TX,1207909.03,67,[object Object]; [object Object]; [object Object]; [object Object]
1366418774,Lindita Hobdari,Family Practice,FL,1158926.11,67,[object Object]; [object Object]; [object Object]; [object Object]
1306884333,Mark Walberg,Medical Oncology,TX,960895.03,67,[object Object]; [object Object]; [object Object]; [object Object]
1326426057,Danubia Hester,Internal Medicine,MD,940062.63,67,[object Object]; [object Object]; [object Object]; [object Object]
1992783492,Douglas Lakin,Internal Medicine,AZ,749785.85,67,[object Object]; [object Object]; [object Object]; [object Object]
1962431148,Igor Khelemsky,Neurology,NY,719605.17,67,[object Object]; [object Object]; [object Object]; [object Object]
1699099036,Trusha Shah,Anesthesiology,NY,683028.4,67,[object Object]; [object Object]; [object Object]; [object Object]
1447233895,Amr Morsy,Anesthesiology,TX,524478.89,67,[object Object]; [object Object]; [object Object]; [object Object]
1164617544,Warren Spinner,Neurology,NY,478171.82,67,[object Object]; [object Object]; [object Object]; [object Object]
1285111922,Jennifer Weed,Nurse Practitioner,PA,413118.4,67,[object Object]; [object Object]; [object Object]; [object Object]
1164517413,Keith Hoerning,General Practice,NY,400524.98,67,[object Object]; [object Object]; [object Object]; [object Object]
1588982151,Cheau Williams,Obstetrics & Gynecology,GA,392263.73,67,[object Object]; [object Object]; [object Object]; [object Object]
1508322587,Carmen Cheng,Physician Assistant,PA,370159.62,67,[object Object]; [object Object]; [object Object]; [object Object]
1679554323,Todd Besselievre,Anesthesiology,MS,330197.03,67,[object Object]; [object Object]; [object Object]; [object Object]
1922521541,Lisa Perez,Nurse Practitioner,CO,299995.16,67,[object Object]; [object Object]; [object Object]; [object Object]
1861417859,Kristin Jackson,Obstetrics & Gynecology,FL,279177.85,67,[object Object]; [object Object]; [object Object]; [object Object]
1851351977,Kashif Irfan,Anesthesiology,TX,258012.87,67,[object Object]; [object Object]; [object Object]; [object Object]
1740733708,"Tempus Ai, Inc.",Clinical Laboratory,IL,131996724.84,66,[object Object]; [object Object]; [object Object]
1700865094,Symphony Diagnostic Services No 1 Llc,Portable X-Ray Supplier,MD,42021791.73,66,[object Object]; [object Object]; [object Object]
1023311040,Stephen Dubin,General Practice,NV,33219043.41,66,[object Object]; [object Object]; [object Object]
1447437355,Neogenomics Laboratories Inc,Clinical Laboratory,CA,32553493.37,66,[object Object]; [object Object]; [object Object]
1265542765,Seniorcare Emergency Medical Services Inc.,Ambulance Service Provider,NY,24257779.18,66,[object Object]; [object Object]; [object Object]
1265854855,"Genetic Technological Innovations, Llc",Clinical Laboratory,AZ,21523706,66,[object Object]; [object Object]; [object Object]
1518626357,S K Diagnostics Inc,Clinical Laboratory,IL,21385183.68,66,[object Object]; [object Object]; [object Object]
1225110497,"Accu Reference Medical Lab, Llc",Clinical Laboratory,NJ,21208969.65,66,[object Object]; [object Object]; [object Object]
1689639544,"Healthtrackrx Indiana, Inc",Clinical Laboratory,TX,18731025.45,66,[object Object]; [object Object]; [object Object]
1285302273,Western Labs Company,Clinical Laboratory,IL,18412290.96,66,[object Object]; [object Object]; [object Object]
1710516455,Chicago Laboratory Consultant Llc,Clinical Laboratory,IL,18400154.64,66,[object Object]; [object Object]; [object Object]
1154462026,Quality Assured Services Inc.,All Other Suppliers,FL,14539811.88,66,[object Object]; [object Object]; [object Object]; [object Object]
1376554592,City Of Chicago,Ambulance Service Provider,IL,12199890.22,66,[object Object]; [object Object]; [object Object]; [object Object]
1922391226,Rural-Metro Of California Inc,Ambulance Service Provider,CA,10689237.95,66,[object Object]; [object Object]; [object Object]; [object Object]
1215914288,Laboratory Corporation Of America Holdings,Clinical Laboratory,NC,9569378.81,66,[object Object]; [object Object]; [object Object]; [object Object]
1558452185,Acme Markets Inc,Centralized Flu,ID,9528100.9,66,[object Object]; [object Object]; [object Object]
1467642611,Robyn Olney,Pathology,TX,7683639.29,66,[object Object]; [object Object]; [object Object]
1063515195,Channelview Pharmacy Limited Liability Company,Mass Immunizer Roster Biller,TX,7475561.51,66,[object Object]; [object Object]; [object Object]
1134147150,American Medical Response West,Ambulance Service Provider,CA,6253957.59,66,[object Object]; [object Object]; [object Object]; [object Object]
1811187909,Syed Zafar,Hematology-Oncology,FL,5997538.92,66,[object Object]; [object Object]; [object Object]; [object Object]
1508874439,Steven Licata,Osteopathic Manipulative Medicine,FL,5556814.14,66,[object Object]; [object Object]; [object Object]
1366882987,Coastal Medical Transportation Services Llc,Ambulance Service Provider,MA,5161616.91,66,[object Object]; [object Object]; [object Object]; [object Object]
1255646980,Alphaone Ambulance Medical Services Inc,Ambulance Service Provider,CA,4650612.25,66,[object Object]; [object Object]; [object Object]; [object Object]
1407855612,Robert Gelfand,Hematology-Oncology,NY,4246713.2,66,[object Object]; [object Object]; [object Object]; [object Object]
1033192570,Mark Rubin,Hematology-Oncology,FL,4192723.74,66,[object Object]; [object Object]; [object Object]; [object Object]
1558323758,Phu Truong,Hematology-Oncology,KS,4064504,66,[object Object]; [object Object]; [object Object]; [object Object]
1518922814,Quoc Truong,Hematology-Oncology,KS,3889360.74,66,[object Object]; [object Object]; [object Object]; [object Object]
1811900426,Alan Bienstock,Plastic and Reconstructive Surgery,NY,3866377.43,66,[object Object]; [object Object]; [object Object]
1679863575,Burke Family Pharmacy Inc,Pharmacy,TX,3694509.84,66,[object Object]; [object Object]; [object Object]
1750777959,Joseph Moore,Hematology-Oncology,KS,3558049.45,66,[object Object]; [object Object]; [object Object]; [object Object]
1730495250,Liana Makarian,Hematology-Oncology,MO,3333926.97,66,[object Object]; [object Object]; [object Object]; [object Object]
1356508915,Neel Shah,Hematology-Oncology,IN,3211470.45,66,[object Object]; [object Object]; [object Object]; [object Object]
1346285988,"Pathology Laboratories, Inc.",Clinical Laboratory,OH,3114131.84,66,[object Object]; [object Object]; [object Object]; [object Object]
1750585287,David Chu,Hematology-Oncology,NY,3050952.08,66,[object Object]; [object Object]; [object Object]; [object Object]
1245676477,David Kobulnicky,Hematology-Oncology,VA,3006803.12,66,[object Object]; [object Object]; [object Object]; [object Object]
1720556962,Tri County Pharmacy Llc,Pharmacy,TX,2920113.84,66,[object Object]; [object Object]; [object Object]
1043697337,Aaa Drugs Inc,Pharmacy,NY,2900674.56,66,[object Object]; [object Object]; [object Object]
1033167846,John Visconti,Hematology-Oncology,IL,2808018.59,66,[object Object]; [object Object]; [object Object]; [object Object]
1144213026,Celesteann Bremer,Hematology-Oncology,VA,2805203.32,66,[object Object]; [object Object]; [object Object]; [object Object]
1063583326,Zachary Lipman,Anesthesiology,CA,2750346.31,66,[object Object]; [object Object]; [object Object]
1073073532,Whitley Weatherford,Nurse Practitioner,SC,2722796.95,66,[object Object]; [object Object]; [object Object]; [object Object]
1477843100,George Cyriac,Hematology-Oncology,NY,2722562.57,66,[object Object]; [object Object]; [object Object]; [object Object]
1902853294,Alan Langerak,Hematology-Oncology,AZ,2686607.25,66,[object Object]; [object Object]; [object Object]; [object Object]
1639332968,Peter Oppelt,Medical Oncology,MO,2538124.6,66,[object Object]; [object Object]; [object Object]; [object Object]
1235127622,Myron Bednar,Hematology,NJ,2525025.03,66,[object Object]; [object Object]; [object Object]; [object Object]
1508101486,Nasira Khan,Physician Assistant,TX,2523751.42,66,[object Object]; [object Object]; [object Object]; [object Object]
1467671792,Omer Khalil,Hematology-Oncology,AR,2359900.61,66,[object Object]; [object Object]; [object Object]; [object Object]
1861692287,Alla Shabtai,Physician Assistant,NY,2283354.9,66,[object Object]; [object Object]; [object Object]
1154300622,Noshir Dacosta,Medical Oncology,NY,2273438.16,66,[object Object]; [object Object]; [object Object]; [object Object]
1699867986,Li-Min Hu,Pediatric Medicine,CA,2089782.62,66,[object Object]; [object Object]; [object Object]
1942684956,Yosef Seewald,Physician Assistant,NY,2082698.98,66,[object Object]; [object Object]; [object Object]
1093731226,Rama Suresh,Medical Oncology,MO,2079927,66,[object Object]; [object Object]; [object Object]; [object Object]
1316538994,Morgan Click,Nurse Practitioner,TX,2071598.9,66,[object Object]; [object Object]; [object Object]; [object Object]
1790949576,Padmaja Bojanapally,Hematology-Oncology,PA,2041154.95,66,[object Object]; [object Object]; [object Object]; [object Object]
1750734265,Samantha Wild,Nurse Practitioner,TX,2013717.68,66,[object Object]; [object Object]; [object Object]; [object Object]
1073728663,John Devlin,Hematology,PA,1978428.33,66,[object Object]; [object Object]; [object Object]; [object Object]
1255610473,Daniel Kobrinski,Hematology-Oncology,FL,1974319.06,66,[object Object]; [object Object]; [object Object]; [object Object]
1255568135,Allison Rosenthal,Hematology,AZ,1898775.35,66,[object Object]; [object Object]; [object Object]; [object Object]
1700175288,Ayham Deeb,Medical Oncology,VA,1879449.82,66,[object Object]; [object Object]; [object Object]; [object Object]
1023499076,Nikhil Patel,Hematology-Oncology,SC,1875123.46,66,[object Object]; [object Object]; [object Object]; [object Object]
1194324640,Busola Amurawaiye,Nurse Practitioner,TX,1731256.5,66,[object Object]; [object Object]; [object Object]; [object Object]
1821222761,William Mcevoy,Hematology-Oncology,AL,1657054.04,66,[object Object]; [object Object]; [object Object]; [object Object]
1629236575,Selena Stuart,Hematology-Oncology,TX,1575159.71,66,[object Object]; [object Object]; [object Object]; [object Object]
1306097209,Jun Sun,Hematology-Oncology,MD,1567184.37,66,[object Object]; [object Object]; [object Object]; [object Object]
1417995499,Kartik Konduri,Medical Oncology,TX,1531055.83,66,[object Object]; [object Object]; [object Object]; [object Object]
1043605975,Michael Mccusker,Hematology-Oncology,VA,1507373.02,66,[object Object]; [object Object]; [object Object]; [object Object]
1053577718,Emily Touloukian,Hematology-Oncology,SC,1482318.46,66,[object Object]; [object Object]; [object Object]; [object Object]
1164578779,Sujatha Nallapareddy,Hematology-Oncology,CO,1421706.05,66,[object Object]; [object Object]; [object Object]; [object Object]
1871582569,Carl Barsigian,Hematology-Oncology,PA,1421360.34,66,[object Object]; [object Object]; [object Object]; [object Object]
1801834544,Anton Melnyk,Hematology-Oncology,TX,1413835.03,66,[object Object]; [object Object]; [object Object]; [object Object]
